,material,pressure,temperature,delta_e,delta_e_err,delta_h,delta_h_err,delta_pv,delta_pv_err,delta_gt,delta_gt_err,q_st,q_st_err
0,ABW-0,1.0,275.9,-4.764764805613804,0.05665704913048408,-7.063472284649979,0.05716798390421296,-2.2987074790361754,0.0005109347737284331,3.910003219664149,0.05248943692867947,-7.043418262517767,0.04415698084612041
1,ACO-0,1.0,275.9,-5.013791583337669,0.01788827125961312,-7.30959773240445,0.016533722880190727,-2.2958061490667805,0.0013545483794223934,1.9482817242011266,0.031835065043875455,-7.34400649168623,0.011704982557453558
2,AEI-0,1.0,275.9,-3.7482510863972482,0.00736909841649247,-6.046264368680504,0.0076258351466340635,-2.298013282283255,0.0002567367301415935,0.7932890759792774,0.0015352206417247882,-6.058467049997838,0.024706594142038796
3,AEL-0,1.0,275.9,-4.73828330538198,0.019845236488277518,-7.0372351524147065,0.020980840735801642,-2.2989518470327264,0.0011356042475243466,2.05401339382246,0.02440390673883419,-7.01976889729874,0.018713315262657737
4,AEN-0,1.0,275.9,-4.934655514683308,0.048769713911652524,-7.232706736965614,0.049653617361460345,-2.2980512222823064,0.0008839034498075993,4.018517176909567,0.05957688884289292,-7.253621110321598,0.08201302456722681
5,AET-0,1.0,275.9,-2.900756465731769,0.0232270726883812,-5.200615163419336,0.023883589539851702,-2.299858697687566,0.000656516851470279,2.165043483954696,0.07522511880825089,-5.213990914049793,0.023582900351546865
6,AFG-0,1.0,275.9,-4.6607620753508385,0.06038668808729897,-6.959697943193626,0.05903806256163069,-2.298935867842788,0.001348625525668501,1.1517992956184515,0.10307034266910187,-6.9351984701288405,0.04637028599030657
7,AFI-0,1.0,275.9,-3.2638452786598506,0.0538472137063537,-5.560765835065592,0.05385076584269122,-2.296920556405741,3.552136337514611e-06,1.673326612404586,0.0757985667331178,-5.5448055499339635,0.07013185600750793
8,AFN-0,1.0,275.9,-4.51608712258898,0.04397096360252428,-6.814754732624769,0.04218660481121894,-2.298667610035789,0.0017843587913051184,2.3255105162312546,0.0781943682846209,-6.797141707269355,0.06354586879164259
9,AFO-0,1.0,275.9,-4.582106133806335,0.02445733649627435,-6.881067475091887,0.025345360277427176,-2.2989613412855516,0.0008880237811528247,2.073636470360212,0.04374858259179204,-6.883644105766058,0.04232476477605074
10,AFR-0,1.0,275.9,-3.271743796837377,0.09174305911094827,-5.568512942099886,0.08910525060701557,-2.29676914526251,0.0026378085039329147,1.019843662769653,0.14036650497060538,-5.53799256512725,0.04332252858866603
11,AFS-0,1.0,275.9,-3.118212961942025,0.01277302324645646,-5.415120754454918,0.012971496897991486,-2.2969077925128936,0.000198473651535247,1.0149652176885273,0.04288570480783738,-5.38918871436261,0.03435706402177008
12,AFT-0,1.0,275.9,-3.6378564719258373,0.0030638029976726155,-5.935348195838128,0.0019432487079393823,-2.297491723912291,0.0011205542897327891,1.065840726525397,0.09003242644001364,-5.928183228951314,0.019596578115541607
13,AFV-0,1.0,275.9,-4.212391530583798,0.024445166117711636,-6.509987222022214,0.024576144821268464,-2.297595691438416,0.00013097870355660568,0.8331650574867067,0.12669021377821715,-6.446049051116774,0.009236935723071937
14,AFX-0,1.0,275.9,-3.846825387572032,0.01971542532899595,-6.144270865630151,0.01836753934584623,-2.2974454780581186,0.0013478859831494994,0.6782023727170378,0.013608183196794132,-6.120456593481125,0.00995601165966642
15,AFY-0,1.0,275.9,-3.4043153311176355,0.1469800825537111,-5.703822958174651,0.1468025406712279,-2.299507627057016,0.0001775418824832009,0.6437973853776227,0.1903246993838624,-5.608844717798544,0.13158715586608594
16,AHT-0,1.0,275.9,-3.5241889075306037,0.45688255532298117,-5.821664571965469,0.45685920667958113,-2.297475664434865,2.3348643400256108e-05,6.154533334586555,0.3234668179333151,-5.820614563711269,0.4553917278320996
17,ANA-0,1.0,275.9,-5.052159720195784,0.018687368114491676,-7.350512570971129,0.01870544909285332,-2.298352850775345,1.8080978361867395e-05,5.568616611274825,0.054130696844960635,-7.301308144497082,0.01588857263897392
18,APC-0,1.0,275.9,-4.869036646998907,0.011955240444510018,-7.1683889990249225,0.010992088546735168,-2.2993523520260153,0.0009631518977748499,3.610249392939481,0.07164886109071489,-7.15612364574593,0.04115624578812671
19,APD-0,1.0,275.9,-5.769338494142616,0.04448984360727026,-8.067747937976858,0.044672110008158405,-2.2984094438342417,0.0001822664008881425,2.3157995432569622,0.05727476076670812,-8.064547444620512,0.048193963188380984
20,AST-0,1.0,275.9,-4.488507838460672,0.03581126824694181,-6.785991650282473,0.035062757855439664,-2.2974838118218015,0.0007485103915023661,0.41688338009134285,0.10029039218216532,-6.795737547152012,0.030817662452474526
21,ASV-0,1.0,275.9,-4.982670284254398,0.02596874627836554,-7.27911238091669,0.027887907950708613,-2.2964420966622914,0.0019191616723430727,1.9652360838314884,0.05039524948731444,-7.240332718832253,0.03806564177064775
22,ATN-0,1.0,275.9,-5.074051535826381,0.03346598053370364,-7.370925061936396,0.03257824739329873,-2.2968735261100144,0.0008877331404049116,1.8319530094586511,0.018827051196934286,-7.370547843851267,0.04509796474044414
23,ATO-0,1.0,275.9,-4.370434297988078,9.249016855061853e-06,-6.669394569963901,0.0015550296141868536,-2.2989602719758215,0.0015642786310416934,2.3124468600619785,0.006773956866814146,-6.671341634599175,0.01354198754278535
24,ATS-0,1.0,275.9,-3.335995970582439,0.009896151422108312,-5.6341593614829115,0.01051655085438874,-2.2981633909004726,0.0006203994322804274,1.5267653375996035,0.1091562858225158,-5.622871248162118,0.004733414541212344
25,ATT-0,1.0,275.9,-4.995083771669323,0.01324160695313692,-7.294524369702483,0.013169185748466372,-2.2994405980331587,7.242120467076951e-05,1.5979512989738138,0.04043495646390871,-7.271832249878378,0.03035446790501961
26,ATV-0,1.0,275.9,-5.688102026045954,0.06377536351139446,-7.987049822845366,0.0633630065079629,-2.2989477967994127,0.0004123570034311186,3.1087039284260722,0.002717528748966691,-7.986650877573383,0.0767806543413565
27,AVL-0,1.0,275.9,-4.327425850543709,0.08866979183288137,-6.622608487518663,0.08967516740934123,-2.295182636974954,0.0010053755764598549,0.7331239122140827,0.01673288991140448,-6.628719990547199,0.1184744442724952
28,AWO-0,1.0,275.9,-5.312941458530547,0.038508918578294526,-7.611477741090967,0.03754853327174423,-2.29853628256042,0.0009603853065505152,2.5940482664285285,0.026218154017895845,-7.606858799083975,0.08320099563216532
29,AWW-0,1.0,275.9,-4.492424304378986,0.02039055922171995,-6.79033426251114,0.02129021145326826,-2.2979099581321547,0.0008996522315483091,0.9637483402872531,0.03272481669797683,-6.803851584888786,0.0018821710548553305
30,BCT-0,1.0,275.9,-2.975838422039775,0.2021280025180341,-5.27605117122679,0.2029468193465216,-2.3002127491870143,0.0008188168284872788,11.907966354334494,0.19729053496604987,-5.275712495036236,0.2081694762456272
31,BEA-0,1.0,275.9,-3.3594215347935883,0.046806232908529255,-5.658008925267328,0.0453832128321916,-2.29858739047374,0.0014230200763376555,0.8559361141379326,0.02016807679707433,-5.622007381676923,0.056121615242363365
32,BEC-0,1.0,275.9,-3.3011034720611168,0.00843209862163219,-5.599811445183272,0.009937000178820377,-2.2987079731221556,0.0015049015571881874,0.591451267000881,0.04789401299677065,-5.635350590272919,0.0265965818315137
33,BIK-0,1.0,275.9,-4.461564598356069,0.03248053060389999,-6.758874847498415,0.031121707859842473,-2.297310249142346,0.0013588227440575196,4.267836391524156,0.07571522764360639,-6.771157332281107,0.04929228475877778
34,BOF-0,1.0,275.9,-4.8454036872788535,0.010477613581122203,-7.1406688812962456,0.009844973564500314,-2.295265194017392,0.0006326400166221102,1.4820301741414013,0.028483781241933293,-7.163667034618467,0.006180618719721309
35,BOG-0,1.0,275.9,-3.5225368908757018,0.04071709769603804,-5.82086705940188,0.039729151324265466,-2.2983301685261783,0.0009879463717727965,0.9795237995191302,0.0006400163193316932,-5.811987620757382,0.043308416847886555
36,BOZ-0,1.0,275.9,-3.1473567408268357,0.022040349434546025,-5.445804385667261,0.022136881219127602,-2.298447644840425,9.653178458179923e-05,0.7396088247070252,0.01978506933201518,-5.455468881569908,0.04338991782769375
37,BPH-0,1.0,275.9,-3.2301665661960204,0.03759079527843201,-5.527854104981612,0.03944726257401898,-2.2976875387855915,0.0018564672955871941,0.7383814651662023,0.1988683976966864,-5.512814228614914,0.05177544081151009
38,BRE-0,1.0,275.9,-5.270887611696082,0.07510793580320252,-7.566888988285207,0.07431552613303927,-2.2960013765891247,0.0007924096701630301,1.9080474906347262,0.04849255605222336,-7.570055998286312,0.06966967950103342
39,BSV-0,1.0,275.9,-4.985464991192071,0.04747357043028044,-7.285997212120862,0.047753183098460106,-2.3005322209287913,0.00027961266817944086,2.384559833971494,0.005286667274268186,-7.301079052404367,0.03493638363354501
40,CAS-0,1.0,275.9,-6.036980738235659,0.03840041676580652,-8.334641836068737,0.03888276006787983,-2.297661097833079,0.00048234330207308496,3.0196854444425245,0.02986112439961519,-8.357684710008435,0.02547616417737153
41,CDO-0,1.0,275.9,-4.93683322534419,0.03211509097966436,-7.234520816005346,0.0310271653614711,-2.2976875906611562,0.001087925618193264,1.9792886579176645,0.04478207896181918,-7.220919930660328,0.025205610323915106
42,CFI-0,1.0,275.9,-3.1316569841545583,2.184403602689677e-05,-5.431613549378258,0.0025894418078040715,-2.2999565652236993,0.0026112858438311903,1.7002148199286422,0.06713373273662027,-5.393416463539396,0.00667605353191103
43,CGF-0,1.0,275.9,-5.462749228860434,0.014192809652931793,-7.761900841424035,0.013985053447742146,-2.2991516125636013,0.00020775620518964644,1.9812921013402756,0.027338036303725333,-7.746654250154444,0.025105946061538376
44,CGS-0,1.0,275.9,-4.450121561177734,0.05255027291750647,-6.748734243935708,0.05302968560230026,-2.298612682757974,0.0004794126847935676,1.4436497255071954,0.04589830994363376,-6.787281130220193,0.05025130171223591
45,CON-0,1.0,275.9,-3.459886048811795,0.03890074579089875,-5.757985111025436,0.03829901389597712,-2.2980990622136406,0.000601731894921631,0.8177812110934624,0.05620156357046768,-5.792959817212136,0.11170270877453925
46,CSV-0,1.0,275.9,-3.564657300983268,0.0049527713100421256,-5.862733559400487,0.006845187571975497,-2.298076258417219,0.0018924162619333718,0.8130592634088172,0.02157618941256767,-5.85897829000868,0.0013216653483221208
47,CZP-0,1.0,275.9,-5.733374129038777,0.004116633223863797,-8.031145312321652,0.004293485431793975,-2.2977711832828724,0.00017685220792995615,3.175049412544645,0.03959444973516635,-8.038518627548601,0.026426975111130346
48,DAC-0,1.0,275.9,-5.160233140104296,0.14408825831290617,-7.460341113839935,0.14416787834007128,-2.3001079737356394,7.962002716510597e-05,1.3068831736080344,0.23864311673698402,-7.417186241244288,0.17087890978718923
49,DDR-0,1.0,275.9,-5.211151319518596,0.38320905632068936,-7.508142092820975,0.3824404796898917,-2.2969907733023796,0.0007685766307978792,0.886210230776403,0.4873882375394367,-7.413478048261284,0.30117399687076896
50,DFO-0,1.0,275.9,-3.172467227905255,0.013031650563108066,-5.469152971716733,0.012299599865124744,-2.2966857438114783,0.0007320506979835439,0.7398125983254203,0.024859765765155806,-5.477513151035497,0.018689541901028228
51,DFT-0,1.0,275.9,-5.795319206367957,0.04382865815956549,-8.095015566939175,0.04286150120507415,-2.299696360571218,0.0009671569544913439,2.0747990537334378,0.11061201590478464,-8.115952525134913,0.04181570863219619
52,DOH-0,1.0,275.9,-5.801172361704965,0.04926514819392036,-8.098041944186955,0.05008928814341829,-2.2968695824819894,0.0008241399494979262,0.42098987905313257,0.09485670069681018,-8.131975643504514,0.04224380549943074
53,DON-0,1.0,275.9,-2.853863424570232,0.05392109049775251,-5.153453823266259,0.055439530028816186,-2.2995903986960267,0.0015184395310636756,1.6904263948568943,0.007322398771739902,-5.128825152301381,0.053811434622458076
54,EAB-0,1.0,275.9,-4.402713417236049,0.05832655477061932,-6.701794994084415,0.058760990234516974,-2.2990815768483657,0.00043443546389743126,0.715283872578353,0.06879793069667006,-6.692739111613649,0.02836357422987268
55,EDI-0,1.0,275.9,-4.952629714863865,0.0035033292354773593,-7.247690688023862,0.002214473668043393,-2.2950609731599974,0.0012888555674341884,1.588907211254239,0.021467553489530555,-7.254258298186071,0.013701709484537972
56,EEI-0,1.0,275.9,-4.115711312341618,0.013156635545856332,-6.414180050569707,0.013381687256849961,-2.298468738228089,0.00022505171099385102,1.9535862801100545,0.040957309687318144,-6.397021252114568,0.009908973314715741
57,EMT-0,1.0,275.9,-2.9029025038499228,0.2525091927813363,-5.19965060920933,0.2520568489301578,-2.296748105359407,0.0004523438511783162,0.46268216615279,0.05756930807516358,-5.182957278063929,0.2781118021418716
58,EON-0,1.0,275.9,-4.315477523033601,0.1957149478438076,-6.61407404117802,0.1954807562922074,-2.2985965181444192,0.00023419155160020466,1.1712107224310953,0.3114014367112171,-6.721204472099194,0.2844753315392845
59,EPI-0,1.0,275.9,-5.138376850026386,0.03889047154736103,-7.437115521962574,0.038413383683144176,-2.2987386719361873,0.0004770878642168519,1.3887594506750847,0.0024470346302367663,-7.4340375207739395,0.0025389675779812215
60,ERI-0,1.0,275.9,-4.010844392163687,0.01322752093068269,-6.309743480062902,0.013666632233479081,-2.2988990878992164,0.0004391113027963911,0.8640129070200816,0.022201494109111652,-6.341120330837395,0.010224555802205604
61,ESV-0,1.0,275.9,-4.86807988188948,0.09463335706856224,-7.165300431487761,0.09536318082237472,-2.2972205495982805,0.0007298237538124752,1.2776412739882368,0.09639245365044302,-7.167293951753493,0.10610544146481393
62,ETL-0,1.0,275.9,-4.768402328009193,0.021792506114904686,-7.065234631996129,0.02251341572472132,-2.296832303986937,0.0007209096098166334,2.1149021997860937,0.04947268903561586,-7.061187377403445,0.03572097677813968
63,ETR-0,1.0,275.9,-3.377866648576413,0.19105860663611307,-5.674905746990266,0.19097783859252004,-2.297039098413853,8.076804359258283e-05,1.273850680983516,0.23539421313090303,-5.656647385228824,0.23617719028566198
64,EUO-0,1.0,275.9,-3.9209021476418986,0.05964285226150867,-6.218354794777073,0.05975353923296023,-2.2974526471351746,0.00011068697145133477,1.3316837883560342,0.04549549663354535,-6.229583866385046,0.03640230613332207
65,EWS-0,1.0,275.9,-4.237156421480401,0.05817873647381999,-6.536569908940884,0.05936402629995463,-2.2994134874604826,0.001185289826134639,1.1687000287991278,0.03204358082593517,-6.5313882721416405,0.06515969817137313
66,EZT-0,1.0,275.9,-4.061423962461603,0.004325621026080473,-6.3588349086949165,0.004697576033975803,-2.2974109462333123,0.00037195500789555247,1.0728282539557088,0.08276824392940135,-6.3704263151213105,0.034651333840004295
67,FAR-0,1.0,275.9,-5.073827969720353,0.023082463687391197,-7.369747359250843,0.02327753901503149,-2.2959193895304892,0.00019507532764007074,1.0783675949421794,0.07991709004830244,-7.35943655124168,0.00033757557802660543
68,FAU-0,1.0,275.9,-2.888240980055559,0.04101038736200158,-5.184788632240222,0.041937024070624496,-2.296547652184663,0.0009266367086229188,0.575230258279081,0.08316236334328175,-5.096266542923745,0.002800061961655942
69,FER-0,1.0,275.9,-4.892287985663852,0.038200195764012346,-7.189629517678634,0.03716282998995801,-2.297341532014781,0.001037365774054111,1.2598798215812719,0.016917577488667845,-7.200199784108307,0.04153768410486691
70,FRA-0,1.0,275.9,-4.860521912376189,0.039168387253612824,-7.1576210604948125,0.03929112906145704,-2.297099148118623,0.00012274180784421773,0.7616079082817195,0.09420749281663715,-7.108001682542328,0.021142126724347232
71,GIS-0,1.0,275.9,-4.764607755712165,0.07766852792269718,-7.065650154620296,0.07801847414242591,-2.3010423989081303,0.00034994621972850304,2.035882360020155,0.11078809433120274,-7.093160237182476,0.10451727835548796
72,GIU-0,1.0,275.9,-4.9074854973735,0.06420312178084497,-7.206267822852068,0.06316178610228862,-2.2987823254785678,0.0010413356785561323,1.3416940913467648,0.0412276563247127,-7.231693915307405,0.0956834035935974
73,GME-0,1.0,275.9,-3.7125173778562806,0.1456705369930431,-6.010374296949059,0.14708872499836456,-2.2978569190927782,0.0014181880053216744,0.8367934665019222,0.09855571596170665,-6.056449178291094,0.16458234922342196
74,GON-0,1.0,275.9,-4.07258422003185,0.017538347423743605,-6.37062083573732,0.016886411431753956,-2.29803661570547,0.0006519359919900936,2.111787747572682,0.03666220240675466,-6.370419530047386,0.026943686707766368
75,GOO-0,1.0,275.9,-4.883454509693702,0.02030505386204684,-7.182282399555573,0.01917383218585833,-2.2988278898618715,0.0011312216761882876,3.369986226270055,0.18772957792768685,-7.1713024159196,0.01823959470242764
76,HEU-0,1.0,275.9,-4.923670852588559,0.0463111126989455,-7.2217063934826236,0.04468608068555291,-2.2980355408940643,0.001625032013392591,1.623574452983239,0.011910493031333291,-7.204706229822261,0.03875676774508019
77,IFO-0,1.0,275.9,-2.871717762135658,0.03245759812374227,-5.170736700517522,0.03371674970606886,-2.299018938381864,0.0012591515823261457,1.554410303259337,0.15557478860750906,-5.177750818564164,0.03975472097996802
78,IFR-0,1.0,275.9,-3.8763990168309954,0.0013366436120767489,-6.174952134159086,0.0024408437409588757,-2.2985531173280904,0.001104200128882571,0.7998815042586385,0.06910658750218651,-6.14757677612984,0.013466094091744374
79,IFW-0,1.0,275.9,-3.3114407418750833,0.0891425522924234,-5.6083820457096305,0.0899876154776269,-2.2969413038345476,0.0008450631852032764,1.073038048473879,0.028878288517311113,-5.618567684250588,0.0688009767137503
80,IFY-0,1.0,275.9,-4.462654393543907,0.043077700749409864,-6.760968553773283,0.043619456220933106,-2.298314160229375,0.00054175547152302,1.3649797715350984,0.026636957969826125,-6.708985598256167,0.04499345314655212
81,IHW-0,1.0,275.9,-4.388227836451912,0.01933715011580972,-6.687851039710477,0.019122092019854264,-2.299623203258565,0.00021505809595567804,1.6405565967825098,0.036938702725219486,-6.697475338521805,0.014823893592679216
82,IMF-0,1.0,275.9,-4.223691865779162,0.02685751745583964,-6.5215786732992145,0.02696667229322447,-2.2978868075200523,0.00010915483738482834,1.206726934759808,0.046664066710157326,-6.5444475894929734,0.017484995691220195
83,IRN-0,1.0,275.9,-3.6857080879109185,0.07124055560766429,-5.983587512844413,0.0715964610262878,-2.2978794249334946,0.00035590541862351444,0.8227740081566595,0.02713924919363797,-5.940679409084611,0.09448741893255042
84,IRR-0,1.0,275.9,-2.0704634637344124,0.029004386892679257,-4.3704777870069265,0.02764407235484656,-2.3000143232725136,0.0013603145378326964,0.4263412484628717,0.07620076840628551,-4.375857053382969,0.10229838715850059
85,IRY-0,1.0,275.9,-2.0135082571436804,0.03502307300243246,-4.312291756067214,0.03485671735665896,-2.298783498923534,0.00016635564577383022,0.10790617919870264,0.07385561296773528,-4.337252804021752,0.06002826008547002
86,ISV-0,1.0,275.9,-3.2536937236362045,0.039842999563760806,-5.550064112952456,0.04089288619543208,-2.2963703893162517,0.0010498866316714928,0.7284184845619417,0.07682713514594014,-5.553285251511948,0.020521589922811945
87,ITE-0,1.0,275.9,-3.6873075709081524,0.02999125013323578,-5.984408025398796,0.031730613293622145,-2.2971004544906437,0.0017393631603865867,0.984947089290809,0.02953582494574819,-5.969643504620493,0.07197459171464526
88,ITG-0,1.0,275.9,-3.699127690067993,0.013176486527014974,-5.999368561174067,0.01321324230862686,-2.300240871106074,3.675578161188575e-05,1.1788031459170698,0.08798654366260605,-5.998769923846529,0.012499248282557218
89,ITH-0,1.0,275.9,-4.11402287562359,0.020389766635135143,-6.412085097079846,0.01985149230015315,-2.298062221456255,0.0005382743349819918,1.32452368835556,0.15747510224975425,-6.376530274916461,0.04346053003358907
90,ITR-0,1.0,275.9,-4.242444721846301,0.024578005751810125,-6.54088650958698,0.025821566484409253,-2.2984417877406793,0.0012435607325989029,1.3409199053510517,0.04042496435282539,-6.540884746985906,0.05739510725044239
91,ITT-0,1.0,275.9,-2.389076389852396,0.16070299053055437,-4.6864285563089645,0.16143087285537083,-2.2973521664565695,0.0007278823248164645,0.5870809316231496,0.14285377817331385,-4.667409805242223,0.23143986067648292
92,ITW-0,1.0,275.9,-4.997023637968864,0.017313003761720847,-7.294915394558377,0.016298782110097942,-2.2978917565895136,0.0010142216516229041,1.9052102330335163,0.0267123775431094,-7.295524680753825,0.012119439510032581
93,IWR-0,1.0,275.9,-3.476960599782883,0.014736012163808487,-5.775557425262281,0.015365974603589905,-2.2985968254793985,0.0006299624397811954,0.7646445613018851,0.10139592058376956,-5.7424997451314965,0.05262699675036098
94,IWS-0,1.0,275.9,-2.9793509393493443,0.04295271488311658,-5.276517120558295,0.043221435375341066,-2.2971661812089508,0.00026872049222492755,0.8259051335845586,0.14756111783770037,-5.27385869752154,0.09935349969476759
95,IWV-0,1.0,275.9,-2.8390562348074746,0.04369913337367537,-5.138932346547746,0.043388345267211914,-2.2998761117402715,0.00031078810646345545,0.9239726535688368,0.023329708100680746,-5.1037829248542685,0.05683303696575992
96,IWW-0,1.0,275.9,-3.7191842123692385,0.0048832620015293315,-6.014718837076362,0.005963896349273856,-2.2955346247071233,0.0010806343477445246,1.1542345303827866,0.13741943178305616,-6.013609513170873,0.059859276926315985
97,JBW-0,1.0,275.9,-5.003061460528988,0.08147591185670278,-7.299089311366914,0.0798809051765712,-2.2960278508379264,0.001595006680131572,3.792203518147698,0.12424636759391405,-7.31394518931004,0.06390829131039988
98,JNT-0,1.0,275.9,-5.6200539719094955,0.023884688724185033,-7.920073330478971,0.022495230991899096,-2.300019358569476,0.001389457732286159,3.534227150624326,0.0031459898222563343,-7.910358420075079,0.025243209775153375
99,JOZ-0,1.0,275.9,-4.549021036133807,0.020265685806267975,-6.846701430415191,0.02057918165639494,-2.2976803942813837,0.0003134958501269658,2.7432641480526447,0.08192548718569537,-6.873996215839247,0.026333891665630826
100,JRY-0,1.0,275.9,-5.2272194022074085,0.03402068358944765,-7.52456021322052,0.03419276572739749,-2.29734081101311,0.0001720821379500581,1.9881253121535827,0.03269219985579941,-7.537459220129462,0.018152133501060597
101,JSR-0,1.0,275.9,-2.844721178010851,0.057537601563976803,-5.14256133976823,0.057096549263391694,-2.2978401617573794,0.0004410523005851097,0.4086078834949387,0.19470087433793212,-5.098861919770829,0.01674726822553385
102,JST-0,1.0,275.9,-4.0417660657439445,0.024510156148978446,-6.34075410252551,0.02457245068318281,-2.2989880367815654,6.22945342043657e-05,1.4591015973740644,0.04712854590553062,-6.3956084239471895,0.0011275379795994134
103,JSW-0,1.0,275.9,-4.929422200412713,0.014495161456102412,-7.2281787299778735,0.014649519134922517,-2.2987565295651606,0.00015435767882032714,1.9946803364030392,0.04132487998072221,-7.218277500981817,0.013007393772792142
104,KFI-0,1.0,275.9,-3.554265785173182,0.01713799488879797,-5.852520819673683,0.016219249713620876,-2.2982550345005013,0.0009187451751770936,1.0312670346841155,0.04902404418668577,-5.862849548568768,0.0016050864093899442
105,LAU-0,1.0,275.9,-4.622416077226836,0.01782106788108706,-6.9187258692614275,0.018073817630085198,-2.296309792034592,0.00025274974899813785,1.455323568303663,0.011000547686578654,-6.917076362649996,0.001606011650557626
106,LEV-0,1.0,275.9,-4.32259865440143,0.006233952837353396,-6.621122695219297,0.005968764827890993,-2.2985240408178673,0.0002651880094624026,0.6642753461180202,0.06152201433273313,-6.625588788980874,0.026040903164434415
107,LIO-0,1.0,275.9,-5.322744320522936,0.09230009673916006,-7.621820283160173,0.09179589372991881,-2.299075962637236,0.0005042030092414773,1.3114026947043225,0.059435739479279714,-7.617258924048518,0.06886331875339557
108,LOS-0,1.0,275.9,-4.872296160581266,0.021262202891525916,-7.171431694363248,0.021072738721717332,-2.2991355337819823,0.00018946416980858416,1.0254256679355007,0.14720668491268896,-7.153454350331905,0.04833912741316393
109,LOV-0,1.0,275.9,-5.089525313361728,0.07272861255409557,-7.386362542824428,0.07262089560569063,-2.2968372294627004,0.00010771694840516766,2.515015318150027,0.03469772605054389,-7.334234867008137,0.07958283075779926
110,LTA-0,1.0,275.9,-3.1177702112734975,0.02790930184707041,-5.4148349078521,0.028208604918030122,-2.297064696578603,0.00029930307095993314,0.7644461251647,0.00990678280356505,-5.434660430077577,0.004960016020932656
111,LTF-0,1.0,275.9,-4.265815226057058,0.15845878867759566,-6.565035508322158,0.15743980009229874,-2.299220282265099,0.0010189885852969205,1.2503558730361717,0.2653645289315337,-6.546561719692368,0.275835158247133
112,LTJ-0,1.0,275.9,-4.79251079425975,0.1454453047311115,-7.092433538500078,0.14527308253661486,-2.2999227442403276,0.00017222219449641862,4.620907743887699,0.0010511030385540465,-7.075914152687776,0.20619453468321192
113,LTL-0,1.0,275.9,-3.0216213885534318,0.029550260840840226,-5.319696882351638,0.028972761856253193,-2.298075493798207,0.0005774989845868106,1.6613419374863996,0.006648696137777188,-5.299725319940544,0.060067068715202065
114,LTN-0,1.0,275.9,-4.585472701634752,0.007004916866907962,-6.88116826796797,0.007552493263085491,-2.2956955663332184,0.0005475763961775293,1.3614112305917798,0.038983067928576864,-6.8865565247579354,0.04944333146210411
115,MAR-0,1.0,275.9,-5.2979372234268975,0.0007585092167827767,-7.594955712638713,0.0005208402163940917,-2.2970184892118155,0.0012793494331766464,1.1128611825446684,0.07087618674569585,-7.571881607850335,0.0026797661688569008
116,MAZ-0,1.0,275.9,-4.076106718378439,0.01152952684413,-6.374365727816114,0.010966005439511761,-2.2982590094376762,0.0005635214046182391,1.4179243749573738,0.058354163274003,-6.322126785811061,0.0725255119848418
117,MEI-0,1.0,275.9,-3.152097744996909,0.03690665955316086,-5.4503648568265115,0.03822262211817229,-2.2982671118296016,0.0013159625650114304,0.985762138825756,0.17689692931170614,-5.374511667298227,0.03433202696594995
118,MEL-0,1.0,275.9,-4.2186936578456615,0.036872678664635394,-6.516775175439948,0.036247308427296066,-2.2980815175942872,0.0006253702373395509,1.2522521864378517,0.1716277531300413,-6.5241445608988045,0.07006757427661103
119,MEP-0,1.0,275.9,-6.18469742120676,0.012083092491129932,-8.483540883582661,0.011406985029243089,-2.298843462375901,0.0006761074618870655,0.6443083004626683,0.0023460500133315465,-8.492062994386615,0.0014082963092736378
120,MER-0,1.0,275.9,-4.479876908407748,0.24781247007139884,-6.778953936284276,0.2489340431687448,-2.2990770278765273,0.0011215730973461735,1.6515097412791562,0.26825197309945825,-6.7899630902023045,0.2658743444346734
121,MFI-0,1.0,275.9,-4.49194700680343,0.020446528149706822,-6.789850313528181,0.019999409083589992,-2.2979033067247507,0.00044711906611683006,1.5327271416252035,0.049253665233643495,-6.787791953937418,0.010314509005091566
122,MFS-0,1.0,275.9,-4.136075142012151,0.022236652983220306,-6.434777216130383,0.02324369070713095,-2.298702074118233,0.00100703772391042,1.620496585808124,0.006378736676306507,-6.448407383738006,0.02887554502851364
123,MON-0,1.0,275.9,-4.523052069628938,0.001645210985671497,-6.821337150494658,0.0018635896437744215,-2.2982850808657207,0.00021837865810292456,3.6250809895457805,0.0841379173347212,-6.843458681820347,0.06955789303778115
124,MOR-0,1.0,275.9,-4.417802332374322,0.014295283660354485,-6.715426762327013,0.01633586106225815,-2.297624429952691,0.002040577401903887,1.359065080843536,0.03718173141362491,-6.552697836639924,0.05417373054772101
125,MOZ-0,1.0,275.9,-3.9028456130766127,0.03761231689554445,-6.202967536054618,0.03835972089042716,-2.300121922978005,0.0007474039948827116,1.4761907232568956,0.029982398744570093,-6.2139189852433265,0.05112578024546055
126,MRE-0,1.0,275.9,-4.648044810195745,0.009000607849461773,-6.946964313322677,0.008865933405474813,-2.298919503126932,0.00013467444398673756,2.2803814667674973,0.05442934059475979,-6.933853896939932,0.00022929529373616475
127,MSE-0,1.0,275.9,-3.6418555115211086,0.037463153089072554,-5.939773481516509,0.03730408413570885,-2.2979179699954004,0.00015906895336370575,0.9870430113581745,0.03233415524064004,-5.909949949952605,0.058432894668664304
128,MSO-0,1.0,275.9,-4.065727583844371,0.04291404701505597,-6.3645277132552005,0.04480330226956308,-2.2988001294108296,0.0018892552545068941,1.4397846890639248,0.07861636368612168,-6.369970505951855,0.06714621009307775
129,MTF-0,1.0,275.9,-4.893659992827308,0.030719481505007806,-7.192225921810713,0.03155771436792154,-2.2985659289834044,0.0008382328629137348,2.1027161344162426,0.045177919892416485,-7.203603113709987,0.040196901315563416
130,MTN-0,1.0,275.9,-5.854971015746427,0.045142947594034144,-8.15442784476323,0.044521508431504486,-2.2994568290168043,0.0006214391625296578,0.5118712279082505,0.04855078993046172,-8.145107377532394,0.019405222333901406
131,MTT-0,1.0,275.9,-4.288159078683687,0.0700749923942845,-6.586900365877489,0.06847366012625233,-2.2987412871938018,0.0016013322680319408,2.150912785005531,0.031223737604947566,-6.593329021137265,0.05995485798924349
132,MTW-0,1.0,275.9,-3.9346221659584995,0.01569703006158707,-6.232159096640875,0.01564772968439687,-2.2975369306823747,4.9300377190197864e-05,2.0995368460253006,0.07598783358685735,-6.244852312373748,0.025161046727643743
133,MVY-0,1.0,275.9,-1.530398952955109,0.30162606594776387,-3.827785707322043,0.3030579961445492,-2.2973867543669337,0.001431930196785114,10.197025112034249,0.11543307968883632,-3.8242315531862356,0.30162606583361273
134,MWF-0,1.0,275.9,-4.54896484563762,0.021670246425007367,-6.845662267877484,0.02060789947658037,-2.296697422239864,0.0010623469484269954,1.4568959176767056,0.06303686759053351,-6.790608699279394,0.042032702510356845
135,MWW-0,1.0,275.9,-3.883470749555657,0.028384121828399334,-6.18130573954269,0.027537060754323495,-2.2978349899870336,0.0008470610740760609,0.7373224192532313,0.09453850422573262,-6.119683707149632,0.02664858201604492
136,NAB-0,1.0,275.9,-3.867660978952813,0.07185993414150538,-6.164573923840605,0.07228258397535114,-2.296912944887792,0.00042264983384554533,3.870446946629941,0.0036534732887709698,-6.182555403060148,0.0834027242934261
137,NAT-0,1.0,275.9,-4.756449929293517,0.04575543625466194,-7.054518506518195,0.04648523859644893,-2.298068577224679,0.0007298023417865451,1.949501322052138,0.08375707505133156,-7.035159235100746,0.07474921398252166
138,NES-0,1.0,275.9,-3.7146684965399155,0.011803491115434328,-6.011996952641681,0.011714752245294946,-2.2973284561017655,8.873887013938209e-05,1.1436871133204818,0.06800616309318219,-6.005919483389212,0.026137000606457406
139,NON-0,1.0,275.9,-4.4585881186710665,0.028958015720404795,-6.75533489135384,0.027026540398999543,-2.2967467726827735,0.0019314753214052516,1.7476603790306622,0.07214258260642026,-6.752315666567307,0.04879106702057845
140,NPO-0,1.0,275.9,-4.24148849668852,0.14274764504179105,-6.539209777673097,0.14373560249096728,-2.297721280984577,0.0009879574491760135,5.223025972897629,0.006793438856194101,-6.496489375001588,0.12824980873642833
141,NPT-0,1.0,275.9,-3.2620136024042967,0.019622657000613275,-5.560887405095872,0.021707150012512777,-2.298873802691575,0.00208449301189928,1.1576582702800886,0.02331181685654815,-5.571767736455651,0.0040017297669781016
142,NSI-0,1.0,275.9,-4.525076528257896,0.16368494513104181,-6.822181293362854,0.16269560142204664,-2.297104765104957,0.0009893437089953938,4.970291579351267,0.0050108346461379405,-6.822671732702761,0.163572578789279
143,OBW-0,1.0,275.9,-3.120715064265481,0.01741242733133186,-5.4174971628866615,0.016495163329975693,-2.29678209862118,0.0009172640013561661,0.7767015206007621,0.11052321734376208,-5.4358402983079905,0.004719783479853579
144,OFF-0,1.0,275.9,-4.256638738340133,0.021038763659040338,-6.5553798277287605,0.019010762480533572,-2.2987410893886286,0.0020280011785065444,0.5688693795068697,0.0972085441685604,-6.4881905361595145,0.07363292683353118
145,OKO-0,1.0,275.9,-3.815086284045798,0.021544621654081997,-6.112537423878368,0.020858321055457374,-2.29745113983257,0.0006863005986246229,1.0692176587755746,0.03178944770554326,-6.1145680726180895,0.0069351746369741285
146,OSI-0,1.0,275.9,-3.6628109677610183,0.03023347304945645,-5.9616941659231575,0.028653358584804334,-2.2988831981621396,0.001580114464652116,2.2457315390907846,0.09954291431521733,-5.950903209413113,0.03348949672294932
147,OSO-0,1.0,275.9,-3.2374150881661663,0.05919179873917346,-5.53689542430456,0.05821159836731571,-2.299480336138393,0.0009802003718579755,0.9354049977940527,0.04085999327740408,-5.5199588993102875,0.03410488016629776
148,OWE-0,1.0,275.9,-4.825609216013593,0.03773289160713267,-7.124733694402026,0.037308432921579815,-2.299124478388433,0.0004244586855526311,1.2721273296423368,0.003242505596389722,-7.090001443488333,0.06296633545696695
149,PAU-0,1.0,275.9,-4.398236102609936,0.0072140360445756,-6.696488667923649,0.0070868865898794375,-2.298252565313713,0.00012714945469638472,1.2581419432590213,0.025422434518114767,-6.713770665183288,0.01141362047690464
150,PCR-0,1.0,275.9,-5.098090072760778,0.04165472538526194,-7.39586521318194,0.04094478504728505,-2.2977751404211624,0.0007099403379768887,1.8619658813462854,0.033590995115161504,-7.366297952184524,0.04524258567693318
151,PHI-0,1.0,275.9,-4.433998113534122,0.025625110353257874,-6.7323646292976616,0.025919966991265753,-2.2983665157635396,0.00029485663800787876,1.782283305887181,0.12517206113706814,-6.7112292357620085,0.03747923590434166
152,PON-0,1.0,275.9,-4.875559362823873,0.020643040701043613,-7.173449740884442,0.021643363282268346,-2.2978903780605693,0.001000322581224733,2.147313565006618,0.10140001344110128,-7.175777036864399,0.019671890712494644
153,POS-0,1.0,275.9,-3.447663711531207,0.04276950702644777,-5.744572699451039,0.04401864541713918,-2.2969089879198314,0.0012491383906911846,0.8768795238845122,0.11047009235987765,-5.795804046374243,0.0004504602610264641
154,PSI-0,1.0,275.9,-4.688872304616079,0.03413634014008693,-6.988194726092027,0.03184327328191605,-2.2993224214759476,0.002293066858170656,3.4049966681067043,0.03247442176161375,-6.982893565777855,0.029502047149962962
155,PUN-0,1.0,275.9,-4.027905467196558,0.02178096077625291,-6.327318620890111,0.02035593689738624,-2.299413153693553,0.0014250238788666714,1.0362150128309096,0.0524551254197142,-6.338773199309582,0.006564737099653328
156,RHO-0,1.0,275.9,-3.647233564551147,0.17309370937543367,-5.94766933059881,0.1718099378508482,-2.300435766047663,0.0012837715245854753,0.6751952114436766,0.06512346550711495,-5.878478466833309,0.14797057500511368
157,RRO-0,1.0,275.9,-4.448111244629499,0.01646895760126288,-6.7466953510660375,0.015602497082059852,-2.2985841064365387,0.0008664605192032493,2.919273892063625,0.05398443881673476,-6.743948243924069,0.005393864162932971
158,RSN-0,1.0,275.9,-4.89094654743029,0.04091955628464827,-7.188891223609646,0.03919522358771177,-2.2979446761793563,0.0017243326969362816,2.7127635342709606,0.058626625300548074,-7.2473451625420475,0.07118047752654633
159,RTE-0,1.0,275.9,-4.509586785577245,0.035544717288591876,-6.807946128146046,0.036920501972795616,-2.2983593425688014,0.0013757846842035182,1.0954785106488265,0.09461350167503846,-6.7813104632745205,0.023865485734387182
160,RTH-0,1.0,275.9,-3.9023839806416762,0.05930120893815172,-6.200796038417335,0.06081271237282859,-2.2984120577756584,0.0015115034346768752,0.9066203438963328,0.018955419484619873,-6.184752774885315,0.09606466485569243
161,RWR-0,1.0,275.9,-5.521854714163899,0.031265136835317175,-7.820029678887717,0.03220253453903421,-2.298174964723818,0.0009373977037165915,3.333602415102062,0.05816603275551735,-7.83413203951497,0.040102261644573645
162,RWY-0,1.0,275.9,-1.8369551931110077,0.07437980268914168,-4.134485990492945,0.07420640909332565,-2.297530797381938,0.00017339359581614033,0.21407721114464778,0.14263915231336066,-4.176150190991751,0.03394126187856639
163,SAF-0,1.0,275.9,-3.6189656601332114,0.009517718728346614,-5.918791251526762,0.010120653110678113,-2.2998255913935504,0.0006029343823314992,2.1254191746737945,0.008256773780590976,-5.916092099886037,0.006310528522827319
164,SAO-0,1.0,275.9,-2.95205212753988,0.029621939172744582,-5.25134550666937,0.03025570459859095,-2.2992933791294905,0.0006337654258463665,0.631236207270538,0.12233830443246119,-5.215948842019241,0.036464449155656276
165,SAS-0,1.0,275.9,-3.525855426596852,0.058700192647156424,-5.824659740750645,0.060302301676374626,-2.2988043141537933,0.0016021090292184237,0.7589729407067951,0.0398635799241468,-5.81143076481075,0.05585928090536907
166,SAT-0,1.0,275.9,-4.224822611013064,0.00155559624860091,-6.523892701024597,0.0023031018950958604,-2.299070090011533,0.0007475056464951724,0.9264074973131596,0.08070057685903176,-6.525918601399362,0.012735813442048105
167,SAV-0,1.0,275.9,-3.5814398038344892,0.026109990290023477,-5.877926413622546,0.02492279402189501,-2.296486609788057,0.0011871962681286874,0.8790543087765271,0.184146579063181,-5.871677699388063,0.048264236540012107
168,SBE-0,1.0,275.9,-2.5193847767625748,0.17771807926940641,-4.819528649884404,0.1788882587365035,-2.3001438731218298,0.0011701794670972987,1.1232047310789206,0.16355874962228162,-4.818854549449133,0.17690080360838945
169,SBN-0,1.0,275.9,-5.030849061093487,0.03805285663632674,-7.329597040345298,0.03647045938781668,-2.2987479792518117,0.001582397248509837,1.7238029582057237,0.06305283580629673,-7.356247585028329,0.014951453814923354
170,SBS-0,1.0,275.9,-2.5192347006446942,0.008816764330698224,-4.816080920264117,0.009062098708079613,-2.2968462196194217,0.0002453343773816119,0.5966211048238288,0.02859577304098815,-4.765219339460842,0.003943278519946247
171,SBT-0,1.0,275.9,-2.574128658750393,0.041468143192346485,-4.8717712206996255,0.041280715629963716,-2.2976425619492327,0.00018742756238321334,0.8894258699798152,0.11984762527345305,-4.897122568989085,0.027043971610600348
172,SEW-0,1.0,275.9,-3.80022084511277,0.08423004524448974,-6.096665749631675,0.0832900935371308,-2.296444904518905,0.0009399517073593877,1.1661219027192955,0.1501403499950189,-6.101545355258084,0.031386917515548785
173,SFE-0,1.0,275.9,-3.3937159982798066,0.020482213535202742,-5.694434377183717,0.02176031099770004,-2.3007183789039107,0.0012780974624970742,1.7505429789066778,0.16312707080084865,-5.682961759809368,0.006552578651838115
174,SFF-0,1.0,275.9,-3.9474806476113127,0.035026676264276135,-6.24661912465245,0.034596289771914535,-2.2991384770411374,0.00043038649236160076,1.1719020281585828,0.025906109674391775,-6.207992761037939,0.06663255315405037
175,SFG-0,1.0,275.9,-3.94419780338686,0.013326498675585219,-6.240844518770731,0.012679259681500632,-2.296646715383871,0.0006472389940843648,1.6196559458385722,0.10415488399018413,-6.249574060381337,0.01763802426188299
176,SFH-0,1.0,275.9,-2.9869633948964633,0.009309149748534251,-5.285924811313199,0.007533968866164198,-2.298961416416735,0.0017751808823700532,1.5887470488713191,0.034757964541108244,-5.269484334825015,0.02476626382550151
177,SFN-0,1.0,275.9,-2.991695172450981,0.009976574347259515,-5.290778036154256,0.011317171541648463,-2.2990828637032745,0.0013405971943889483,1.6974605597176042,0.011926524494961233,-5.315134399273079,0.021125765577600486
178,SFO-0,1.0,275.9,-3.2094400170254054,0.07071006315748063,-5.50744746792999,0.06917310201667437,-2.298007450904585,0.001536961140806481,1.1723422673083015,0.19315239859199357,-5.513626999942163,0.1430983041567444
179,SFS-0,1.0,275.9,-3.638137574264613,0.0053980047015225185,-5.9371826821477915,0.0053042896651387395,-2.2990451078831784,9.37150363837791e-05,1.0176729932192927,0.007452754777090065,-5.892471811426143,0.021574647951580594
180,SFV-0,1.0,275.9,-4.173200045655327,0.022092921403317867,-6.472071926638549,0.02337467165439433,-2.2988718809832216,0.0012817502510762413,1.350481425597676,0.06411602425117036,-6.450428551492613,0.0030011069494459974
181,SGT-0,1.0,275.9,-4.527645854875226,0.005898069277652684,-6.8250362053550475,0.00491256632409387,-2.297390350479822,0.0009855029535590365,0.846847720754763,0.00044305159852298104,-6.82429405646026,0.009768169884038613
182,SIV-0,1.0,275.9,-4.764118373128682,0.11158982489866176,-7.063171467877353,0.11032063063511943,-2.2990530947486727,0.0012691942635425502,1.7600165893327133,0.048244120632929155,-7.067745775695904,0.15700648281991425
183,SOD-0,1.0,275.9,-5.51228691669738,0.013599919438217256,-7.811591357842377,0.01380972155981297,-2.299304441144997,0.00020980212159571465,0.5392342930809875,0.0856544608620787,-7.808827551045636,0.018635567221935823
184,SOF-0,1.0,275.9,-4.408185944164881,0.17949032034110912,-6.705706934614714,0.17897680521919712,-2.297520990449833,0.0005135151219122225,1.2380969913948763,0.24554266389929563,-6.692347505284846,0.15043522886393834
185,SOS-0,1.0,275.9,-3.7618703353265825,0.00907203685127178,-6.058217825587553,0.009434845326089292,-2.2963474902609704,0.0003628084748175109,2.718708355267557,0.01820533089411769,-6.033259535600729,0.020530859260385004
186,SSF-0,1.0,275.9,-3.2153261863236198,0.0340934667322943,-5.51415625723698,0.03259756357854826,-2.29883007091336,0.0014959031537458145,1.4015263508804385,0.03912503347928531,-5.510083326413522,0.040220082487763875
187,SSY-0,1.0,275.9,-3.4214525897926737,0.0034174192165925543,-5.720494729779728,0.0035988225486356384,-2.299042139987054,0.00018140333204308412,1.6300584607678952,0.08709891101494138,-5.738067543540219,0.008142142828789112
188,STF-0,1.0,275.9,-3.817160660973834,0.1319663588922817,-6.1129874790088135,0.1318651131311248,-2.295826818034979,0.00010124576115666528,0.9034909288101882,0.025401791010078167,-6.072198780560825,0.09413514432907055
189,STI-0,1.0,275.9,-4.280842999364662,0.014182425245848673,-6.5790088900533075,0.014340005179233728,-2.298165890688646,0.00015757993338461063,0.9243236632310646,0.08332668321759817,-6.556724961175897,0.02030470950126828
190,STO-0,1.0,275.9,-3.7381186493912115,0.018976710552033094,-6.037359614449529,0.01914607534544377,-2.2992409650583174,0.00016936479341111976,2.0423821638326416,0.048925323251076125,-6.024930293156124,0.03197974120366087
191,STT-0,1.0,275.9,-4.0363015635392365,0.01005018824155579,-6.333284063081079,0.010607479208266213,-2.296982499541843,0.000557290966710422,0.9251654538072849,0.028507236497030852,-6.3345918468626055,0.010330065617393913
192,STW-0,1.0,275.9,-4.515526902966149,0.01827903800505082,-6.815950217497834,0.016976067979873832,-2.300423314531685,0.001302970025176986,0.6773666002692913,0.002913253089094958,-6.854015745781435,0.014301373759829872
193,SVV-0,1.0,275.9,-5.131321215398397,0.005206978479550983,-7.429595676248797,0.004270448848861186,-2.298274460850401,0.0009365296306897974,1.2463505196529412,0.0008637981338296408,-7.406604257333916,0.037917198622105186
194,SZR-0,1.0,275.9,-4.167827340860719,0.14822583917737564,-6.467399867593532,0.14747549274882266,-2.299572526732812,0.0007503464285529837,1.7471131915709535,0.10107795625509886,-6.479264645034291,0.15032246575375563
195,TER-0,1.0,275.9,-4.24172865913717,0.04632517259474156,-6.53790674427154,0.04608720105271935,-2.29617808513437,0.00023797154202198634,1.1769597532816218,0.01630229014827589,-6.484257429177688,0.04046940743953664
196,THO-0,1.0,275.9,-4.69215011128,0.005489694338134843,-6.990633051216008,0.004176682637786033,-2.298482939936009,0.0013130117003485875,1.5868977074888042,0.01073273256144458,-6.97118055304801,0.00972931783860087
197,TOL-0,1.0,275.9,-5.261168709714786,0.01612240944158927,-7.559055487615705,0.015589875103285689,-2.2978867779009193,0.0005325343383035808,1.3495027789039336,0.19797278829306142,-7.588952436622925,0.014532645196398963
198,TON-0,1.0,275.9,-4.347744838661838,0.10292256536451472,-6.644202547535152,0.10343359487425197,-2.296457708873314,0.0005110295097372486,2.1527225145574085,0.08054985653258706,-6.642716313692885,0.09335695394977561
199,TSC-0,1.0,275.9,-2.5149984321255783,0.15441313001657053,-4.814088692476663,0.15620650387602453,-2.299090260351085,0.001793373859453995,0.9725148285535089,0.06942376052149146,-4.788514657999348,0.15966886218057663
200,TUN-0,1.0,275.9,-4.057732056855608,0.033624316102663254,-6.355122141013855,0.032234706372215705,-2.297390084158248,0.0013896097304479937,1.3366518081950618,0.03140039932977812,-6.36477552607601,0.06094753772157713
201,UEI-0,1.0,275.9,-5.082302919001525,0.14589811113946727,-7.382798761721244,0.14587122760462679,-2.3004958427197186,2.6883534840260737e-05,2.435971940592645,0.13526966564285048,-7.391319228873016,0.15582744899217804
202,UFI-0,1.0,275.9,-4.262132545614666,0.05829208833486765,-6.560400324580353,0.058044972307642606,-2.2982677789656885,0.0002471160272250472,0.10308005913408819,0.12842673493933437,-6.496502899910629,0.17806642436230025
203,UOS-0,1.0,275.9,-4.601253837502364,0.08368917574412738,-6.899571012405642,0.08300850259947357,-2.298317174903277,0.0006806731446538095,1.7718727060634887,0.08177282103058481,-6.887272331097471,0.08925832366969777
204,UOV-0,1.0,275.9,-3.6182858183214144,0.01563250050048981,-5.916472473676719,0.016306009903130025,-2.2981866553553045,0.0006735094026399935,0.9727899848367605,0.047986448889644706,-5.890459081287624,0.02426738046135357
205,UOZ-0,1.0,275.9,-5.42334810854218,0.026490738763831345,-7.720083468916984,0.027372638384416614,-2.296735360374803,0.0008818996205854912,1.8472136014262595,0.024518328035458836,-7.700605706877631,0.015041920119061913
206,USI-0,1.0,275.9,-3.5306496715325886,0.02001112143025674,-5.827972267523588,0.020156031825708354,-2.297322595991,0.00014491039545139195,0.9550734049666304,0.06725895251751879,-5.799022923557015,0.008821882029749428
207,UTL-0,1.0,275.9,-3.023789617194315,0.1330642477856625,-5.3214261762202195,0.1320242478288658,-2.2976365590259045,0.001039999956796711,0.9972679133806,0.09791705621708974,-5.293566016868679,0.12184066116715941
208,UWY-0,1.0,275.9,-3.886753775889715,0.03789166896750351,-6.183718706269167,0.03822191959782728,-2.2969649303794526,0.00033025063032376956,0.8128587466542729,0.06652399415334626,-6.306078927892475,0.014192329885773791
209,VET-0,1.0,275.9,-3.9248936380030113,0.008204535597631457,-6.225017861256214,0.008658214375920625,-2.3001242232532038,0.00045367877828916825,2.44937009927457,0.05827465844444113,-6.222406967079703,0.0001403548982903402
210,VFI-0,1.0,275.9,-1.9968938651400832,0.005568086127583083,-4.295603270813401,0.004388610542535254,-2.2987094056733177,0.0011794755850476069,1.4220813419102911,0.06214689839877685,-4.286170071646667,0.03675543262663261
211,VNI-0,1.0,275.9,-4.676967791250506,0.100097649027592,-6.975912024495559,0.09899958444640333,-2.2989442332450523,0.0010980645811888845,3.4693709245551974,0.1141385211861139,-6.969734646681909,0.09780136872734024
212,VSV-0,1.0,275.9,-4.411306458805373,0.08406005080734236,-6.71048918634488,0.08540790661574915,-2.299182727539507,0.0013478558084065728,3.3605726250335706,0.13713004472925405,-6.664449730895595,0.0531649967707617
213,WEI-0,1.0,275.9,-4.012843009643971,0.04718813167079228,-6.3096734359886355,0.047460094209179626,-2.2968304263446644,0.00027196253838757123,3.2535386666732298,0.2901391820737209,-6.3153285492122855,0.05186312985899866
214,YUG-0,1.0,275.9,-4.936740584289338,0.07077275643830738,-7.234925523971823,0.06984809893063249,-2.2981849396824843,0.0009246575076748975,2.9814224648506817,0.10939294352235396,-7.210252502578287,0.10035895395092131
215,ZON-0,1.0,275.9,-5.253413368371582,0.014387914117894862,-7.551727854030267,0.013748747060772004,-2.2983144856586843,0.0006391670571230801,1.5349862492646977,0.035244268463684336,-7.55134558296597,0.020484442775271727
